     shots,    errors,  discards, seconds,decoder,strong_id,json_metadata,custom_counts
  13251621,       501,         0,  5038.8,bplsd_r6_w7_c1_hx36,f8f08a04063cd889e2c90ef6437c86b3bb3090411092b9e3cb69167b1d8c7999,"{""code"":""BB_n72_k12"",""commit"":1,""d"":6,""decoder_args"":{""bp_method"":""ms"",""lsd_order"":0,""max_iter"":30,""ms_scaling_factor"":1.0,""osd_method"":""osd_cs"",""schedule"":""parallel""},""p"":0.0006,""rounds"":6,""window"":7,""z_basis"":""True""}",
   2218213,       534,         0,   911.4,bplsd_r6_w7_c1_hx36,c74e7f3906f0d24fff60b8af2cb7796e16c60504af6b8282e7dca61cbe720d8f,"{""code"":""BB_n72_k12"",""commit"":1,""d"":6,""decoder_args"":{""bp_method"":""ms"",""lsd_order"":0,""max_iter"":30,""ms_scaling_factor"":1.0,""osd_method"":""osd_cs"",""schedule"":""parallel""},""p"":0.001,""rounds"":6,""window"":7,""z_basis"":""True""}",
    162774,       543,         0,   102.5,bplsd_r6_w7_c1_hx36,12394bb5b1164b83f76a4638037b91562d4e03cf81eb91b8afb1cf5409ebd9ca,"{""code"":""BB_n72_k12"",""commit"":1,""d"":6,""decoder_args"":{""bp_method"":""ms"",""lsd_order"":0,""max_iter"":30,""ms_scaling_factor"":1.0,""osd_method"":""osd_cs"",""schedule"":""parallel""},""p"":0.002,""rounds"":6,""window"":7,""z_basis"":""True""}",
     32340,       541,         0,    32.4,bplsd_r6_w7_c1_hx36,3f89cbe49c97352423d84bec3c3032dc622140efdfecb2028cf28c5c66c1f47c,"{""code"":""BB_n72_k12"",""commit"":1,""d"":6,""decoder_args"":{""bp_method"":""ms"",""lsd_order"":0,""max_iter"":30,""ms_scaling_factor"":1.0,""osd_method"":""osd_cs"",""schedule"":""parallel""},""p"":0.003,""rounds"":6,""window"":7,""z_basis"":""True""}",
      8284,       503,         0,    14.1,bplsd_r6_w7_c1_hx36,503bbdd915521d9b2d9b3b8596a204c3ddd74c735fd3b2bb6d2b90cc82c348e8,"{""code"":""BB_n72_k12"",""commit"":1,""d"":6,""decoder_args"":{""bp_method"":""ms"",""lsd_order"":0,""max_iter"":30,""ms_scaling_factor"":1.0,""osd_method"":""osd_cs"",""schedule"":""parallel""},""p"":0.004,""rounds"":6,""window"":7,""z_basis"":""True""}",
      3847,       536,         0,    10.8,bplsd_r6_w7_c1_hx36,e740366d2feb7357399b7ebc3c45b1462898eda8070b25da00883d34d6dfd30a,"{""code"":""BB_n72_k12"",""commit"":1,""d"":6,""decoder_args"":{""bp_method"":""ms"",""lsd_order"":0,""max_iter"":30,""ms_scaling_factor"":1.0,""osd_method"":""osd_cs"",""schedule"":""parallel""},""p"":0.005,""rounds"":6,""window"":7,""z_basis"":""True""}",
      1958,       521,         0,    9.43,bplsd_r6_w7_c1_hx36,509ba7c8bbceaaf8346bd9d05df8aa73fe6b2bec0c1d70690ce3e3d804b9f79f,"{""code"":""BB_n72_k12"",""commit"":1,""d"":6,""decoder_args"":{""bp_method"":""ms"",""lsd_order"":0,""max_iter"":30,""ms_scaling_factor"":1.0,""osd_method"":""osd_cs"",""schedule"":""parallel""},""p"":0.006,""rounds"":6,""window"":7,""z_basis"":""True""}",
  14088579,       533,         0,  5816.0,bplsd_r6_w7_c1_hx36,79fe732f06aae4711ebb002bf0324547f19e72d1e2bd9e7ab9b2b881bc50ec81,"{""code"":""BB_n72_k12"",""commit"":1,""d"":6,""decoder_args"":{""bp_method"":""ms"",""lsd_order"":4,""max_iter"":30,""ms_scaling_factor"":1.0,""osd_method"":""osd_cs"",""schedule"":""parallel""},""p"":0.0006,""rounds"":6,""window"":7,""z_basis"":""True""}",
   2182377,       508,         0,   892.7,bplsd_r6_w7_c1_hx36,485c9c10fbc5f52a274a8319303fe447ef36dbae770e90a42604dcbb197c49f5,"{""code"":""BB_n72_k12"",""commit"":1,""d"":6,""decoder_args"":{""bp_method"":""ms"",""lsd_order"":4,""max_iter"":30,""ms_scaling_factor"":1.0,""osd_method"":""osd_cs"",""schedule"":""parallel""},""p"":0.001,""rounds"":6,""window"":7,""z_basis"":""True""}",
    155692,       505,         0,    99.9,bplsd_r6_w7_c1_hx36,b152296b88c4bf06e8873f385c82a8d1a573c70f5f1000d69cd20467f4ed9078,"{""code"":""BB_n72_k12"",""commit"":1,""d"":6,""decoder_args"":{""bp_method"":""ms"",""lsd_order"":4,""max_iter"":30,""ms_scaling_factor"":1.0,""osd_method"":""osd_cs"",""schedule"":""parallel""},""p"":0.002,""rounds"":6,""window"":7,""z_basis"":""True""}",
     29743,       501,         0,    31.8,bplsd_r6_w7_c1_hx36,b0f93778cb30d954ca81a8999351493e3787454007edc2708de267ae47dccf8b,"{""code"":""BB_n72_k12"",""commit"":1,""d"":6,""decoder_args"":{""bp_method"":""ms"",""lsd_order"":4,""max_iter"":30,""ms_scaling_factor"":1.0,""osd_method"":""osd_cs"",""schedule"":""parallel""},""p"":0.003,""rounds"":6,""window"":7,""z_basis"":""True""}",
      8445,       528,         0,    14.6,bplsd_r6_w7_c1_hx36,27fde01f111ce334a2df3b693203e4ddd67e3ddcd38eb42314a8e5aca630c10c,"{""code"":""BB_n72_k12"",""commit"":1,""d"":6,""decoder_args"":{""bp_method"":""ms"",""lsd_order"":4,""max_iter"":30,""ms_scaling_factor"":1.0,""osd_method"":""osd_cs"",""schedule"":""parallel""},""p"":0.004,""rounds"":6,""window"":7,""z_basis"":""True""}",
      4427,       650,         0,    13.5,bplsd_r6_w7_c1_hx36,88fcf6e7624cdbe7ea341af34f22ba79ddee877109aeb70fa14da4eb36fb05ba,"{""code"":""BB_n72_k12"",""commit"":1,""d"":6,""decoder_args"":{""bp_method"":""ms"",""lsd_order"":4,""max_iter"":30,""ms_scaling_factor"":1.0,""osd_method"":""osd_cs"",""schedule"":""parallel""},""p"":0.005,""rounds"":6,""window"":7,""z_basis"":""True""}",
      2017,       519,         0,    10.0,bplsd_r6_w7_c1_hx36,aa885318fa1930c95395584636abc753db2a92d3ec3a920d10bb551d2223ba20,"{""code"":""BB_n72_k12"",""commit"":1,""d"":6,""decoder_args"":{""bp_method"":""ms"",""lsd_order"":4,""max_iter"":30,""ms_scaling_factor"":1.0,""osd_method"":""osd_cs"",""schedule"":""parallel""},""p"":0.006,""rounds"":6,""window"":7,""z_basis"":""True""}",
  13693836,       516,         0,  5623.9,bplsd_r6_w7_c1_hx36,1d26ad1488b343d1ca2a1cdf582d0e377735f7c9f8cb492cbbc9357e313db2e0,"{""code"":""BB_n72_k12"",""commit"":1,""d"":6,""decoder_args"":{""bp_method"":""ms"",""lsd_order"":8,""max_iter"":30,""ms_scaling_factor"":1.0,""osd_method"":""osd_cs"",""schedule"":""parallel""},""p"":0.0006,""rounds"":6,""window"":7,""z_basis"":""True""}",
   2441533,       515,         0,  1000.1,bplsd_r6_w7_c1_hx36,d959d528ba2195fbee8d46625c6356b7c94e7d7ea7d63a4931935ae0015aee81,"{""code"":""BB_n72_k12"",""commit"":1,""d"":6,""decoder_args"":{""bp_method"":""ms"",""lsd_order"":8,""max_iter"":30,""ms_scaling_factor"":1.0,""osd_method"":""osd_cs"",""schedule"":""parallel""},""p"":0.001,""rounds"":6,""window"":7,""z_basis"":""True""}",
    154601,       503,         0,   101.0,bplsd_r6_w7_c1_hx36,89f71ccb776e5eff5fbf33ea2be319b3cdbddb24135ad026063ebf47ab2314e5,"{""code"":""BB_n72_k12"",""commit"":1,""d"":6,""decoder_args"":{""bp_method"":""ms"",""lsd_order"":8,""max_iter"":30,""ms_scaling_factor"":1.0,""osd_method"":""osd_cs"",""schedule"":""parallel""},""p"":0.002,""rounds"":6,""window"":7,""z_basis"":""True""}",
     28200,       500,         0,    30.2,bplsd_r6_w7_c1_hx36,b3ccbedb8a331cf7609c57cc25e25f39ede00b1165b81a69124ca85389cce3ae,"{""code"":""BB_n72_k12"",""commit"":1,""d"":6,""decoder_args"":{""bp_method"":""ms"",""lsd_order"":8,""max_iter"":30,""ms_scaling_factor"":1.0,""osd_method"":""osd_cs"",""schedule"":""parallel""},""p"":0.003,""rounds"":6,""window"":7,""z_basis"":""True""}",
     10593,       576,         0,    19.0,bplsd_r6_w7_c1_hx36,e8398dfa466d992338563a23084688ecc056e18581c46e74e52d57c37f0d5421,"{""code"":""BB_n72_k12"",""commit"":1,""d"":6,""decoder_args"":{""bp_method"":""ms"",""lsd_order"":8,""max_iter"":30,""ms_scaling_factor"":1.0,""osd_method"":""osd_cs"",""schedule"":""parallel""},""p"":0.004,""rounds"":6,""window"":7,""z_basis"":""True""}",
      3639,       501,         0,    11.1,bplsd_r6_w7_c1_hx36,3444516dea16d488ff0d1661591195cf07a0a2b16c1d1efb0e18874800bdaaca,"{""code"":""BB_n72_k12"",""commit"":1,""d"":6,""decoder_args"":{""bp_method"":""ms"",""lsd_order"":8,""max_iter"":30,""ms_scaling_factor"":1.0,""osd_method"":""osd_cs"",""schedule"":""parallel""},""p"":0.005,""rounds"":6,""window"":7,""z_basis"":""True""}",
      2011,       507,         0,    10.3,bplsd_r6_w7_c1_hx36,27861c81a6c17a4db1c226fc1b1bec399d6cfcd25b46e3ed8b9be1ec1735f765,"{""code"":""BB_n72_k12"",""commit"":1,""d"":6,""decoder_args"":{""bp_method"":""ms"",""lsd_order"":8,""max_iter"":30,""ms_scaling_factor"":1.0,""osd_method"":""osd_cs"",""schedule"":""parallel""},""p"":0.006,""rounds"":6,""window"":7,""z_basis"":""True""}",
  15402279,       536,         0,  6396.4,bplsd_r6_w7_c1_hx36,95e7adbc221427cb98e2eb3940374df43afbf8f8094b525dd537878af3e63765,"{""code"":""BB_n72_k12"",""commit"":1,""d"":6,""decoder_args"":{""bp_method"":""ms"",""lsd_order"":16,""max_iter"":30,""ms_scaling_factor"":1.0,""osd_method"":""osd_cs"",""schedule"":""parallel""},""p"":0.0006,""rounds"":6,""window"":7,""z_basis"":""True""}",
   2907200,       583,         0,  1197.9,bplsd_r6_w7_c1_hx36,5f6d35cd2a4846cc41f22d0d576df2d28d7ca492e9598b42ba4213332167af62,"{""code"":""BB_n72_k12"",""commit"":1,""d"":6,""decoder_args"":{""bp_method"":""ms"",""lsd_order"":16,""max_iter"":30,""ms_scaling_factor"":1.0,""osd_method"":""osd_cs"",""schedule"":""parallel""},""p"":0.001,""rounds"":6,""window"":7,""z_basis"":""True""}",
    192869,       530,         0,   125.7,bplsd_r6_w7_c1_hx36,407cd7cd51ed1ea3eb5e7d4b6b17004014dd3e9325d4228a2479a2658bc54418,"{""code"":""BB_n72_k12"",""commit"":1,""d"":6,""decoder_args"":{""bp_method"":""ms"",""lsd_order"":16,""max_iter"":30,""ms_scaling_factor"":1.0,""osd_method"":""osd_cs"",""schedule"":""parallel""},""p"":0.002,""rounds"":6,""window"":7,""z_basis"":""True""}",
     31629,       527,         0,    34.3,bplsd_r6_w7_c1_hx36,5762d9169284e8a7f58523ef162f61345ae37aa2b842a79911cce8625e39d132,"{""code"":""BB_n72_k12"",""commit"":1,""d"":6,""decoder_args"":{""bp_method"":""ms"",""lsd_order"":16,""max_iter"":30,""ms_scaling_factor"":1.0,""osd_method"":""osd_cs"",""schedule"":""parallel""},""p"":0.003,""rounds"":6,""window"":7,""z_basis"":""True""}",
      9584,       501,         0,    17.3,bplsd_r6_w7_c1_hx36,89f302cb82354398dc2c1ff418808afc1fb10d985ad931135c79f4fa2d30e79a,"{""code"":""BB_n72_k12"",""commit"":1,""d"":6,""decoder_args"":{""bp_method"":""ms"",""lsd_order"":16,""max_iter"":30,""ms_scaling_factor"":1.0,""osd_method"":""osd_cs"",""schedule"":""parallel""},""p"":0.004,""rounds"":6,""window"":7,""z_basis"":""True""}",
      4006,       525,         0,    12.7,bplsd_r6_w7_c1_hx36,411d84398b18cf8f229d30144af78ff76588d0cdd2ad1837fd9b6528bff12988,"{""code"":""BB_n72_k12"",""commit"":1,""d"":6,""decoder_args"":{""bp_method"":""ms"",""lsd_order"":16,""max_iter"":30,""ms_scaling_factor"":1.0,""osd_method"":""osd_cs"",""schedule"":""parallel""},""p"":0.005,""rounds"":6,""window"":7,""z_basis"":""True""}",
      2216,       568,         0,    12.0,bplsd_r6_w7_c1_hx36,d765d3897ccca8307da1fd7b7f6debc80cc9ed47058896ff45a3ce8c0dee3f6e,"{""code"":""BB_n72_k12"",""commit"":1,""d"":6,""decoder_args"":{""bp_method"":""ms"",""lsd_order"":16,""max_iter"":30,""ms_scaling_factor"":1.0,""osd_method"":""osd_cs"",""schedule"":""parallel""},""p"":0.006,""rounds"":6,""window"":7,""z_basis"":""True""}",
  16370947,       516,         0,  6824.9,bplsd_r6_w7_c1_hx36,4f52158f1bf7d5365222cd1433a837a78236e95eaeadc099cce89d16419cd2c1,"{""code"":""BB_n72_k12"",""commit"":1,""d"":6,""decoder_args"":{""bp_method"":""ms"",""lsd_order"":32,""max_iter"":30,""ms_scaling_factor"":1.0,""osd_method"":""osd_cs"",""schedule"":""parallel""},""p"":0.0006,""rounds"":6,""window"":7,""z_basis"":""True""}",
   3120829,       543,         0,  1294.4,bplsd_r6_w7_c1_hx36,700af331726819897a359546cbb2afd80d0bbfd9479c012d2e4f35d9a065d43c,"{""code"":""BB_n72_k12"",""commit"":1,""d"":6,""decoder_args"":{""bp_method"":""ms"",""lsd_order"":32,""max_iter"":30,""ms_scaling_factor"":1.0,""osd_method"":""osd_cs"",""schedule"":""parallel""},""p"":0.001,""rounds"":6,""window"":7,""z_basis"":""True""}",
    184222,       502,         0,   123.5,bplsd_r6_w7_c1_hx36,7a28cc56c139258dbfc3c42070701b1952a1fdb4fd4befa58f99c23acf10e5a2,"{""code"":""BB_n72_k12"",""commit"":1,""d"":6,""decoder_args"":{""bp_method"":""ms"",""lsd_order"":32,""max_iter"":30,""ms_scaling_factor"":1.0,""osd_method"":""osd_cs"",""schedule"":""parallel""},""p"":0.002,""rounds"":6,""window"":7,""z_basis"":""True""}",
     37609,       560,         0,    42.9,bplsd_r6_w7_c1_hx36,98067f470d809b89e8d28d58c17bb7bfeeedb5b9a842d7a94cabc52e83e5ce5a,"{""code"":""BB_n72_k12"",""commit"":1,""d"":6,""decoder_args"":{""bp_method"":""ms"",""lsd_order"":32,""max_iter"":30,""ms_scaling_factor"":1.0,""osd_method"":""osd_cs"",""schedule"":""parallel""},""p"":0.003,""rounds"":6,""window"":7,""z_basis"":""True""}",
     10396,       504,         0,    21.1,bplsd_r6_w7_c1_hx36,aacecaca9c07a3eb4666adefebc3b2ee2be86e858d7f17b00118106a7b6f4c5a,"{""code"":""BB_n72_k12"",""commit"":1,""d"":6,""decoder_args"":{""bp_method"":""ms"",""lsd_order"":32,""max_iter"":30,""ms_scaling_factor"":1.0,""osd_method"":""osd_cs"",""schedule"":""parallel""},""p"":0.004,""rounds"":6,""window"":7,""z_basis"":""True""}",
      4227,       520,         0,    15.2,bplsd_r6_w7_c1_hx36,ed7fe7b3387520dbbbe11d4dda93f46223465c8a5c9e06017abad4884f57d337,"{""code"":""BB_n72_k12"",""commit"":1,""d"":6,""decoder_args"":{""bp_method"":""ms"",""lsd_order"":32,""max_iter"":30,""ms_scaling_factor"":1.0,""osd_method"":""osd_cs"",""schedule"":""parallel""},""p"":0.005,""rounds"":6,""window"":7,""z_basis"":""True""}",
      2153,       540,         0,    12.5,bplsd_r6_w7_c1_hx36,8f3d65be92c070d355c512961055146144f6e43f84ae07bc06a96b5d0fe2d9d3,"{""code"":""BB_n72_k12"",""commit"":1,""d"":6,""decoder_args"":{""bp_method"":""ms"",""lsd_order"":32,""max_iter"":30,""ms_scaling_factor"":1.0,""osd_method"":""osd_cs"",""schedule"":""parallel""},""p"":0.006,""rounds"":6,""window"":7,""z_basis"":""True""}",
  18036475,       502,         0,  7404.7,bplsd_r6_w7_c1_hx36,b0c5061c9044a34bde1c5e6e71832fe791ce66ef3f788557d561f00698780b8a,"{""code"":""BB_n72_k12"",""commit"":1,""d"":6,""decoder_args"":{""bp_method"":""ms"",""lsd_order"":64,""max_iter"":30,""ms_scaling_factor"":1.0,""osd_method"":""osd_cs"",""schedule"":""parallel""},""p"":0.0006,""rounds"":6,""window"":7,""z_basis"":""True""}",
   3008608,       500,         0,  1245.2,bplsd_r6_w7_c1_hx36,51bc50c1fd62a39530672fac63a7f46eeaeafa1955fdca94b5f3d5a70ad7e038,"{""code"":""BB_n72_k12"",""commit"":1,""d"":6,""decoder_args"":{""bp_method"":""ms"",""lsd_order"":64,""max_iter"":30,""ms_scaling_factor"":1.0,""osd_method"":""osd_cs"",""schedule"":""parallel""},""p"":0.001,""rounds"":6,""window"":7,""z_basis"":""True""}",
    233734,       514,         0,   159.2,bplsd_r6_w7_c1_hx36,6c4dc832596c3379ada2f5eb381614bb885923b5e80f97aab80c95d5f9365061,"{""code"":""BB_n72_k12"",""commit"":1,""d"":6,""decoder_args"":{""bp_method"":""ms"",""lsd_order"":64,""max_iter"":30,""ms_scaling_factor"":1.0,""osd_method"":""osd_cs"",""schedule"":""parallel""},""p"":0.002,""rounds"":6,""window"":7,""z_basis"":""True""}",
     37083,       529,         0,    44.4,bplsd_r6_w7_c1_hx36,c9c9f97b699387ace401cdbdaf5e7871a2abfdfd390076e057964f160da43960,"{""code"":""BB_n72_k12"",""commit"":1,""d"":6,""decoder_args"":{""bp_method"":""ms"",""lsd_order"":64,""max_iter"":30,""ms_scaling_factor"":1.0,""osd_method"":""osd_cs"",""schedule"":""parallel""},""p"":0.003,""rounds"":6,""window"":7,""z_basis"":""True""}",
     12491,       535,         0,    28.2,bplsd_r6_w7_c1_hx36,e7d2050f70e4f1a183eead9ac72bb225e441c7507d6da1c16ba832d954dd62ce,"{""code"":""BB_n72_k12"",""commit"":1,""d"":6,""decoder_args"":{""bp_method"":""ms"",""lsd_order"":64,""max_iter"":30,""ms_scaling_factor"":1.0,""osd_method"":""osd_cs"",""schedule"":""parallel""},""p"":0.004,""rounds"":6,""window"":7,""z_basis"":""True""}",
      5253,       569,         0,    21.6,bplsd_r6_w7_c1_hx36,620ab97ea54cf98fcb51b0b0d63eda2534ea62172cce17fee034d37d7790b9c0,"{""code"":""BB_n72_k12"",""commit"":1,""d"":6,""decoder_args"":{""bp_method"":""ms"",""lsd_order"":64,""max_iter"":30,""ms_scaling_factor"":1.0,""osd_method"":""osd_cs"",""schedule"":""parallel""},""p"":0.005,""rounds"":6,""window"":7,""z_basis"":""True""}",
      2326,       546,         0,    16.3,bplsd_r6_w7_c1_hx36,9775d03796481161c0594d8ed4e64d4b65c705ff4a6947438bdc8527db3d8c1a,"{""code"":""BB_n72_k12"",""commit"":1,""d"":6,""decoder_args"":{""bp_method"":""ms"",""lsd_order"":64,""max_iter"":30,""ms_scaling_factor"":1.0,""osd_method"":""osd_cs"",""schedule"":""parallel""},""p"":0.006,""rounds"":6,""window"":7,""z_basis"":""True""}",
  17541609,       508,         0,  7132.0,bplsd_r6_w7_c1_hx36,7d24f1e80cde9f2dfc1bf6fa437b534afa07f6dac75fb240ddb3207ee27d8655,"{""code"":""BB_n72_k12"",""commit"":1,""d"":6,""decoder_args"":{""bp_method"":""ms"",""lsd_order"":128,""max_iter"":30,""ms_scaling_factor"":1.0,""osd_method"":""osd_cs"",""schedule"":""parallel""},""p"":0.0006,""rounds"":6,""window"":7,""z_basis"":""True""}",
   3430993,       570,         0,  1430.0,bplsd_r6_w7_c1_hx36,c23616cab9fd3b4b0f0345c506870c46ac3bf21e062ef5c85060c39f1c6340aa,"{""code"":""BB_n72_k12"",""commit"":1,""d"":6,""decoder_args"":{""bp_method"":""ms"",""lsd_order"":128,""max_iter"":30,""ms_scaling_factor"":1.0,""osd_method"":""osd_cs"",""schedule"":""parallel""},""p"":0.001,""rounds"":6,""window"":7,""z_basis"":""True""}",
    249771,       612,         0,   173.7,bplsd_r6_w7_c1_hx36,290b373b844822670c63946bd6162f0e015b3dc16fecd55682225eae52c5624d,"{""code"":""BB_n72_k12"",""commit"":1,""d"":6,""decoder_args"":{""bp_method"":""ms"",""lsd_order"":128,""max_iter"":30,""ms_scaling_factor"":1.0,""osd_method"":""osd_cs"",""schedule"":""parallel""},""p"":0.002,""rounds"":6,""window"":7,""z_basis"":""True""}",
     41741,       506,         0,    52.5,bplsd_r6_w7_c1_hx36,ed9e2697fd8b763709c55e1a7ff4e4b86511d6583d2d3057923a835b4164eac2,"{""code"":""BB_n72_k12"",""commit"":1,""d"":6,""decoder_args"":{""bp_method"":""ms"",""lsd_order"":128,""max_iter"":30,""ms_scaling_factor"":1.0,""osd_method"":""osd_cs"",""schedule"":""parallel""},""p"":0.003,""rounds"":6,""window"":7,""z_basis"":""True""}",
     11322,       519,         0,    29.5,bplsd_r6_w7_c1_hx36,53f3ad4129b3ad7e7e84bed04ab4ece449b2a90894e0c35201d21863af77debf,"{""code"":""BB_n72_k12"",""commit"":1,""d"":6,""decoder_args"":{""bp_method"":""ms"",""lsd_order"":128,""max_iter"":30,""ms_scaling_factor"":1.0,""osd_method"":""osd_cs"",""schedule"":""parallel""},""p"":0.004,""rounds"":6,""window"":7,""z_basis"":""True""}",
      4670,       501,         0,    22.2,bplsd_r6_w7_c1_hx36,cbf800c9b3ccd337069e96a82ab0cbc8566ebb5867f63190b63ada5eb41b894a,"{""code"":""BB_n72_k12"",""commit"":1,""d"":6,""decoder_args"":{""bp_method"":""ms"",""lsd_order"":128,""max_iter"":30,""ms_scaling_factor"":1.0,""osd_method"":""osd_cs"",""schedule"":""parallel""},""p"":0.005,""rounds"":6,""window"":7,""z_basis"":""True""}",
      2592,       502,         0,    20.5,bplsd_r6_w7_c1_hx36,53ce7e3fbbb12ce2d07eed66a58d8950aedde507b9f2890d7267465927306c62,"{""code"":""BB_n72_k12"",""commit"":1,""d"":6,""decoder_args"":{""bp_method"":""ms"",""lsd_order"":128,""max_iter"":30,""ms_scaling_factor"":1.0,""osd_method"":""osd_cs"",""schedule"":""parallel""},""p"":0.006,""rounds"":6,""window"":7,""z_basis"":""True""}",
  64424764,       508,         0,118666.3,bplsd_r10_w11_c1_hx54,e69527d82d7e311679612e93df99509566c8497bda271253e04256fbc768dd95,"{""code"":""BB_n108_k8"",""commit"":1,""d"":10,""decoder_args"":{""bp_method"":""ms"",""lsd_order"":0,""max_iter"":30,""ms_scaling_factor"":1.0,""osd_method"":""osd_cs"",""schedule"":""parallel""},""p"":0.0006,""rounds"":10,""window"":11,""z_basis"":""True""}",
  10100402,       503,         0, 24395.8,bplsd_r10_w11_c1_hx54,fc56c537636cef815dffd9f44e119b8accf14b93c3d955c1b664d8ebc32d9e63,"{""code"":""BB_n108_k8"",""commit"":1,""d"":10,""decoder_args"":{""bp_method"":""ms"",""lsd_order"":0,""max_iter"":30,""ms_scaling_factor"":1.0,""osd_method"":""osd_cs"",""schedule"":""parallel""},""p"":0.001,""rounds"":10,""window"":11,""z_basis"":""True""}",
    566861,       531,         0,  1720.7,bplsd_r10_w11_c1_hx54,f602e81fcc2bfb74847664e32f7465b98bb870d535f6379da6e5de31a5e3140e,"{""code"":""BB_n108_k8"",""commit"":1,""d"":10,""decoder_args"":{""bp_method"":""ms"",""lsd_order"":0,""max_iter"":30,""ms_scaling_factor"":1.0,""osd_method"":""osd_cs"",""schedule"":""parallel""},""p"":0.002,""rounds"":10,""window"":11,""z_basis"":""True""}",
     66658,       531,         0,   301.0,bplsd_r10_w11_c1_hx54,3482af79d3b6b2af251ff536a8271f7968f20ec470dfa2ef42b855c48a0b005a,"{""code"":""BB_n108_k8"",""commit"":1,""d"":10,""decoder_args"":{""bp_method"":""ms"",""lsd_order"":0,""max_iter"":30,""ms_scaling_factor"":1.0,""osd_method"":""osd_cs"",""schedule"":""parallel""},""p"":0.003,""rounds"":10,""window"":11,""z_basis"":""True""}",
     13030,       541,         0,   102.8,bplsd_r10_w11_c1_hx54,59215ea47a42e6b09d5ed633ba93ed5e9602b1ee60906e992575216079a8fc8e,"{""code"":""BB_n108_k8"",""commit"":1,""d"":10,""decoder_args"":{""bp_method"":""ms"",""lsd_order"":0,""max_iter"":30,""ms_scaling_factor"":1.0,""osd_method"":""osd_cs"",""schedule"":""parallel""},""p"":0.004,""rounds"":10,""window"":11,""z_basis"":""True""}",
      4214,       537,         0,    65.7,bplsd_r10_w11_c1_hx54,e08cbecf568bf14eb07104fa4bd1102869b552af3a501cd6c40395f1e88e099e,"{""code"":""BB_n108_k8"",""commit"":1,""d"":10,""decoder_args"":{""bp_method"":""ms"",""lsd_order"":0,""max_iter"":30,""ms_scaling_factor"":1.0,""osd_method"":""osd_cs"",""schedule"":""parallel""},""p"":0.005,""rounds"":10,""window"":11,""z_basis"":""True""}",
      1591,       506,         0,    54.6,bplsd_r10_w11_c1_hx54,dcfa278d3db8551de1f5aad363da6a5419df07d322b419c9fe4763407e00018f,"{""code"":""BB_n108_k8"",""commit"":1,""d"":10,""decoder_args"":{""bp_method"":""ms"",""lsd_order"":0,""max_iter"":30,""ms_scaling_factor"":1.0,""osd_method"":""osd_cs"",""schedule"":""parallel""},""p"":0.006,""rounds"":10,""window"":11,""z_basis"":""True""}",
  60998909,       505,         0,111679.8,bplsd_r10_w11_c1_hx54,f0d626ee81ac45e57602cbcc0a0e8db5f12af05d59a460c14b909178e33fe88d,"{""code"":""BB_n108_k8"",""commit"":1,""d"":10,""decoder_args"":{""bp_method"":""ms"",""lsd_order"":64,""max_iter"":30,""ms_scaling_factor"":1.0,""osd_method"":""osd_cs"",""schedule"":""parallel""},""p"":0.0006,""rounds"":10,""window"":11,""z_basis"":""True""}",
  11928907,       516,         0, 28728.7,bplsd_r10_w11_c1_hx54,1df592aaaa6d69c34d1014456df089809c71a035b69910bf52a474b8ae3c035d,"{""code"":""BB_n108_k8"",""commit"":1,""d"":10,""decoder_args"":{""bp_method"":""ms"",""lsd_order"":64,""max_iter"":30,""ms_scaling_factor"":1.0,""osd_method"":""osd_cs"",""schedule"":""parallel""},""p"":0.001,""rounds"":10,""window"":11,""z_basis"":""True""}",
    767799,       571,         0,  2558.9,bplsd_r10_w11_c1_hx54,c9ca7dbcfa7fbad2843a60d593cada856941cb639d451776d2f3f28f57263efd,"{""code"":""BB_n108_k8"",""commit"":1,""d"":10,""decoder_args"":{""bp_method"":""ms"",""lsd_order"":64,""max_iter"":30,""ms_scaling_factor"":1.0,""osd_method"":""osd_cs"",""schedule"":""parallel""},""p"":0.002,""rounds"":10,""window"":11,""z_basis"":""True""}",
     82303,       507,         0,   435.6,bplsd_r10_w11_c1_hx54,731edf6da4401b3ee68eb6e3f50e540bb9bbc3e92883f157f02368cace4d10ba,"{""code"":""BB_n108_k8"",""commit"":1,""d"":10,""decoder_args"":{""bp_method"":""ms"",""lsd_order"":64,""max_iter"":30,""ms_scaling_factor"":1.0,""osd_method"":""osd_cs"",""schedule"":""parallel""},""p"":0.003,""rounds"":10,""window"":11,""z_basis"":""True""}",
     16771,       551,         0,   167.6,bplsd_r10_w11_c1_hx54,9779cf1e4efda6f5d81052b973d068387286071b3e0cacf62a30693d837196cf,"{""code"":""BB_n108_k8"",""commit"":1,""d"":10,""decoder_args"":{""bp_method"":""ms"",""lsd_order"":64,""max_iter"":30,""ms_scaling_factor"":1.0,""osd_method"":""osd_cs"",""schedule"":""parallel""},""p"":0.004,""rounds"":10,""window"":11,""z_basis"":""True""}",
      3900,       507,         0,    81.5,bplsd_r10_w11_c1_hx54,69d51c0f06176c93e7de58f0df3a7679782927505667422d2ddc3f5134611846,"{""code"":""BB_n108_k8"",""commit"":1,""d"":10,""decoder_args"":{""bp_method"":""ms"",""lsd_order"":64,""max_iter"":30,""ms_scaling_factor"":1.0,""osd_method"":""osd_cs"",""schedule"":""parallel""},""p"":0.005,""rounds"":10,""window"":11,""z_basis"":""True""}",
      2017,       572,         0,    81.2,bplsd_r10_w11_c1_hx54,f9fb3afd77ef8a474468466905b3013b85ea6c3d4c7bc044740950601b50769d,"{""code"":""BB_n108_k8"",""commit"":1,""d"":10,""decoder_args"":{""bp_method"":""ms"",""lsd_order"":64,""max_iter"":30,""ms_scaling_factor"":1.0,""osd_method"":""osd_cs"",""schedule"":""parallel""},""p"":0.006,""rounds"":10,""window"":11,""z_basis"":""True""}",
  74101492,       507,         0,138028.0,bplsd_r10_w11_c1_hx54,d701a89d37e5e8029799a8778e58b702c0af4e96087f5ac7ab063ca3640c200b,"{""code"":""BB_n108_k8"",""commit"":1,""d"":10,""decoder_args"":{""bp_method"":""ms"",""lsd_order"":128,""max_iter"":30,""ms_scaling_factor"":1.0,""osd_method"":""osd_cs"",""schedule"":""parallel""},""p"":0.0006,""rounds"":10,""window"":11,""z_basis"":""True""}",
  13677326,       510,         0, 32855.9,bplsd_r10_w11_c1_hx54,0bf70c74f85c6d19d9db896d3e346453e5089b2a060a9ff39dce7287d700e364,"{""code"":""BB_n108_k8"",""commit"":1,""d"":10,""decoder_args"":{""bp_method"":""ms"",""lsd_order"":128,""max_iter"":30,""ms_scaling_factor"":1.0,""osd_method"":""osd_cs"",""schedule"":""parallel""},""p"":0.001,""rounds"":10,""window"":11,""z_basis"":""True""}",
    850644,       516,         0,  2860.5,bplsd_r10_w11_c1_hx54,32c2d5222b4d0cd4daac5c52451f8b90f4c456042bdbc900a4f0148bccd5cf72,"{""code"":""BB_n108_k8"",""commit"":1,""d"":10,""decoder_args"":{""bp_method"":""ms"",""lsd_order"":128,""max_iter"":30,""ms_scaling_factor"":1.0,""osd_method"":""osd_cs"",""schedule"":""parallel""},""p"":0.002,""rounds"":10,""window"":11,""z_basis"":""True""}",
    101320,       541,         0,   578.2,bplsd_r10_w11_c1_hx54,730baeec4dd65ba131175589b4b7f58b3a1ee60198b6fea107fd16a3d533974a,"{""code"":""BB_n108_k8"",""commit"":1,""d"":10,""decoder_args"":{""bp_method"":""ms"",""lsd_order"":128,""max_iter"":30,""ms_scaling_factor"":1.0,""osd_method"":""osd_cs"",""schedule"":""parallel""},""p"":0.003,""rounds"":10,""window"":11,""z_basis"":""True""}",
     21563,       564,         0,   245.6,bplsd_r10_w11_c1_hx54,9b05d3b21c33dd9cbfcf20604092a6d07d190a17ac9640526ca379f7fe41d2c2,"{""code"":""BB_n108_k8"",""commit"":1,""d"":10,""decoder_args"":{""bp_method"":""ms"",""lsd_order"":128,""max_iter"":30,""ms_scaling_factor"":1.0,""osd_method"":""osd_cs"",""schedule"":""parallel""},""p"":0.004,""rounds"":10,""window"":11,""z_basis"":""True""}",
      5072,       501,         0,   126.5,bplsd_r10_w11_c1_hx54,2b05987b5988705501a7f4f55e801b49b41595eea11513523ac5a4df0747addf,"{""code"":""BB_n108_k8"",""commit"":1,""d"":10,""decoder_args"":{""bp_method"":""ms"",""lsd_order"":128,""max_iter"":30,""ms_scaling_factor"":1.0,""osd_method"":""osd_cs"",""schedule"":""parallel""},""p"":0.005,""rounds"":10,""window"":11,""z_basis"":""True""}",
      1967,       504,         0,    91.1,bplsd_r10_w11_c1_hx54,06bd1c783d75a23364c7798ed89dc0f88ac58c30cd9e26050f45588afeaf50d8,"{""code"":""BB_n108_k8"",""commit"":1,""d"":10,""decoder_args"":{""bp_method"":""ms"",""lsd_order"":128,""max_iter"":30,""ms_scaling_factor"":1.0,""osd_method"":""osd_cs"",""schedule"":""parallel""},""p"":0.006,""rounds"":10,""window"":11,""z_basis"":""True""}",
 100000000,        43,         0,454082.4,bplsd_r12_w13_c1_hx72,22ba7f628f4c95bc3286daa9a01aac43bda335a118011586e0eeed8d84c0d6b3,"{""code"":""BB_n144_k12"",""commit"":1,""d"":12,""decoder_args"":{""bp_method"":""ms"",""lsd_order"":0,""max_iter"":30,""ms_scaling_factor"":1.0,""osd_method"":""osd_cs"",""schedule"":""parallel""},""p"":0.0006,""rounds"":12,""window"":13,""z_basis"":""True""}",
  98925420,       505,         0,611717.3,bplsd_r12_w13_c1_hx72,2bac283301a9a975dfc903d1352c5f746a23046a5e38383b035dccbe3b4a4df8,"{""code"":""BB_n144_k12"",""commit"":1,""d"":12,""decoder_args"":{""bp_method"":""ms"",""lsd_order"":0,""max_iter"":30,""ms_scaling_factor"":1.0,""osd_method"":""osd_cs"",""schedule"":""parallel""},""p"":0.001,""rounds"":12,""window"":13,""z_basis"":""True""}",
   1880971,       524,         0, 18725.2,bplsd_r12_w13_c1_hx72,1ab8b914e9f9d05780c43a3a21069bd0a938dda85bbbfb516a5552c15f5dd8db,"{""code"":""BB_n144_k12"",""commit"":1,""d"":12,""decoder_args"":{""bp_method"":""ms"",""lsd_order"":0,""max_iter"":30,""ms_scaling_factor"":1.0,""osd_method"":""osd_cs"",""schedule"":""parallel""},""p"":0.002,""rounds"":12,""window"":13,""z_basis"":""True""}",
    124651,       536,         0,  1102.7,bplsd_r12_w13_c1_hx72,63f76ea8f352ef63baf70230a27389f19767ad47ab2aae20709d1bac22942dbd,"{""code"":""BB_n144_k12"",""commit"":1,""d"":12,""decoder_args"":{""bp_method"":""ms"",""lsd_order"":0,""max_iter"":30,""ms_scaling_factor"":1.0,""osd_method"":""osd_cs"",""schedule"":""parallel""},""p"":0.003,""rounds"":12,""window"":13,""z_basis"":""True""}",
     15188,       501,         0,   223.1,bplsd_r12_w13_c1_hx72,e3383458a211499c4d8d7be196b3bbb15f31323ac7cb3afc87e7fe4a02decb9a,"{""code"":""BB_n144_k12"",""commit"":1,""d"":12,""decoder_args"":{""bp_method"":""ms"",""lsd_order"":0,""max_iter"":30,""ms_scaling_factor"":1.0,""osd_method"":""osd_cs"",""schedule"":""parallel""},""p"":0.004,""rounds"":12,""window"":13,""z_basis"":""True""}",
      3810,       515,         0,   134.7,bplsd_r12_w13_c1_hx72,924f502eff82eba628b4c6cad1df9312bee9ef39207d0c67e7a509bf06d7750c,"{""code"":""BB_n144_k12"",""commit"":1,""d"":12,""decoder_args"":{""bp_method"":""ms"",""lsd_order"":0,""max_iter"":30,""ms_scaling_factor"":1.0,""osd_method"":""osd_cs"",""schedule"":""parallel""},""p"":0.005,""rounds"":12,""window"":13,""z_basis"":""True""}",
      1505,       557,         0,   137.0,bplsd_r12_w13_c1_hx72,47208ab238ec1bf6d2ff33b8a8c4fe26054be97c047436e1ecd1ef02ce22d712,"{""code"":""BB_n144_k12"",""commit"":1,""d"":12,""decoder_args"":{""bp_method"":""ms"",""lsd_order"":0,""max_iter"":30,""ms_scaling_factor"":1.0,""osd_method"":""osd_cs"",""schedule"":""parallel""},""p"":0.006,""rounds"":12,""window"":13,""z_basis"":""True""}",
 100000000,        41,         0,438002.8,bplsd_r12_w13_c1_hx72,f8c1459ed2e11dbb09e7962bf14db4cd281276fe8bf75ffe1db55fa1983be151,"{""code"":""BB_n144_k12"",""commit"":1,""d"":12,""decoder_args"":{""bp_method"":""ms"",""lsd_order"":64,""max_iter"":30,""ms_scaling_factor"":1.0,""osd_method"":""osd_cs"",""schedule"":""parallel""},""p"":0.0006,""rounds"":12,""window"":13,""z_basis"":""True""}",
  99489968,       432,         0,575009.3,bplsd_r12_w13_c1_hx72,e623833515a527f9af4d2a37c3f22e34584f6e72b3f5935ac2eb5a614c286dc5,"{""code"":""BB_n144_k12"",""commit"":1,""d"":12,""decoder_args"":{""bp_method"":""ms"",""lsd_order"":64,""max_iter"":30,""ms_scaling_factor"":1.0,""osd_method"":""osd_cs"",""schedule"":""parallel""},""p"":0.001,""rounds"":12,""window"":13,""z_basis"":""True""}",
   2086373,       504,         0, 21454.0,bplsd_r12_w13_c1_hx72,83a9d1e83a0da5d6419918b5e1dda86f32b07b5fc430825d3c585bb329f0ddbb,"{""code"":""BB_n144_k12"",""commit"":1,""d"":12,""decoder_args"":{""bp_method"":""ms"",""lsd_order"":64,""max_iter"":30,""ms_scaling_factor"":1.0,""osd_method"":""osd_cs"",""schedule"":""parallel""},""p"":0.002,""rounds"":12,""window"":13,""z_basis"":""True""}",
    139112,       515,         0,  1429.1,bplsd_r12_w13_c1_hx72,ce413c24d1f2829ae5c8bbbd71ca511fa2d3257341019681757d70f961a235ca,"{""code"":""BB_n144_k12"",""commit"":1,""d"":12,""decoder_args"":{""bp_method"":""ms"",""lsd_order"":64,""max_iter"":30,""ms_scaling_factor"":1.0,""osd_method"":""osd_cs"",""schedule"":""parallel""},""p"":0.003,""rounds"":12,""window"":13,""z_basis"":""True""}",
     18963,       549,         0,   356.9,bplsd_r12_w13_c1_hx72,84d3c54e71e42ed18409f8e80613dd6ed3bdf20317ed474e1cb583f48571ccd0,"{""code"":""BB_n144_k12"",""commit"":1,""d"":12,""decoder_args"":{""bp_method"":""ms"",""lsd_order"":64,""max_iter"":30,""ms_scaling_factor"":1.0,""osd_method"":""osd_cs"",""schedule"":""parallel""},""p"":0.004,""rounds"":12,""window"":13,""z_basis"":""True""}",
      4332,       545,         0,   181.4,bplsd_r12_w13_c1_hx72,da29d2d096387737917b58d54b1180fef4d9e6c042d4a4f3e42caba1a30bbc65,"{""code"":""BB_n144_k12"",""commit"":1,""d"":12,""decoder_args"":{""bp_method"":""ms"",""lsd_order"":64,""max_iter"":30,""ms_scaling_factor"":1.0,""osd_method"":""osd_cs"",""schedule"":""parallel""},""p"":0.005,""rounds"":12,""window"":13,""z_basis"":""True""}",
      1634,       547,         0,   164.8,bplsd_r12_w13_c1_hx72,6809850509c04d844484a4f56a29d87bf6298dcc470c587e2f3dae180ed4fe77,"{""code"":""BB_n144_k12"",""commit"":1,""d"":12,""decoder_args"":{""bp_method"":""ms"",""lsd_order"":64,""max_iter"":30,""ms_scaling_factor"":1.0,""osd_method"":""osd_cs"",""schedule"":""parallel""},""p"":0.006,""rounds"":12,""window"":13,""z_basis"":""True""}",
 100000000,        27,         0,460928.7,bplsd_r12_w13_c1_hx72,d12fedc97b7268a23e7bc496076ef8a4262181d3bd1a16f7df419174150afdec,"{""code"":""BB_n144_k12"",""commit"":1,""d"":12,""decoder_args"":{""bp_method"":""ms"",""lsd_order"":128,""max_iter"":30,""ms_scaling_factor"":1.0,""osd_method"":""osd_cs"",""schedule"":""parallel""},""p"":0.0006,""rounds"":12,""window"":13,""z_basis"":""True""}",
  99486521,       310,         0,566846.1,bplsd_r12_w13_c1_hx72,7bc0d3df569df7ba927522c84ea0f25a467c63f8c56b776d403a07d2d43bd3c6,"{""code"":""BB_n144_k12"",""commit"":1,""d"":12,""decoder_args"":{""bp_method"":""ms"",""lsd_order"":128,""max_iter"":30,""ms_scaling_factor"":1.0,""osd_method"":""osd_cs"",""schedule"":""parallel""},""p"":0.001,""rounds"":12,""window"":13,""z_basis"":""True""}",
   2770762,       507,         0, 28926.6,bplsd_r12_w13_c1_hx72,fd186d61a94ed3c31eb7024b0f6350a9d274b6917a817962c4be33d161a20e80,"{""code"":""BB_n144_k12"",""commit"":1,""d"":12,""decoder_args"":{""bp_method"":""ms"",""lsd_order"":128,""max_iter"":30,""ms_scaling_factor"":1.0,""osd_method"":""osd_cs"",""schedule"":""parallel""},""p"":0.002,""rounds"":12,""window"":13,""z_basis"":""True""}",
    171918,       511,         0,  1868.5,bplsd_r12_w13_c1_hx72,2db61181a216c8ef3248dafa3580e80a83c1dce1ad79b795a31b4fbe99e7f584,"{""code"":""BB_n144_k12"",""commit"":1,""d"":12,""decoder_args"":{""bp_method"":""ms"",""lsd_order"":128,""max_iter"":30,""ms_scaling_factor"":1.0,""osd_method"":""osd_cs"",""schedule"":""parallel""},""p"":0.003,""rounds"":12,""window"":13,""z_basis"":""True""}",
     25629,       561,         0,   555.0,bplsd_r12_w13_c1_hx72,cb353f3b7ae3a03b9e8dd3625f22c8966e2635d8f54c45a63e4c245f293efe64,"{""code"":""BB_n144_k12"",""commit"":1,""d"":12,""decoder_args"":{""bp_method"":""ms"",""lsd_order"":128,""max_iter"":30,""ms_scaling_factor"":1.0,""osd_method"":""osd_cs"",""schedule"":""parallel""},""p"":0.004,""rounds"":12,""window"":13,""z_basis"":""True""}",
      5225,       538,         0,   259.2,bplsd_r12_w13_c1_hx72,3b062bafd5189ebf2984cf48019fc8d77be3836f273e0f1578a0ff0c3afe8e53,"{""code"":""BB_n144_k12"",""commit"":1,""d"":12,""decoder_args"":{""bp_method"":""ms"",""lsd_order"":128,""max_iter"":30,""ms_scaling_factor"":1.0,""osd_method"":""osd_cs"",""schedule"":""parallel""},""p"":0.005,""rounds"":12,""window"":13,""z_basis"":""True""}",
      1653,       539,         0,   182.2,bplsd_r12_w13_c1_hx72,13ec8bd5b7486d3da65732d0d2173296839dc9502ec70b8581695e94651c9c9a,"{""code"":""BB_n144_k12"",""commit"":1,""d"":12,""decoder_args"":{""bp_method"":""ms"",""lsd_order"":128,""max_iter"":30,""ms_scaling_factor"":1.0,""osd_method"":""osd_cs"",""schedule"":""parallel""},""p"":0.006,""rounds"":12,""window"":13,""z_basis"":""True""}",
